<?xml version="1.0" encoding="UTF-8"?>
<beans xmlns="http://www.springframework.org/schema/beans"
	xmlns:mvc="http://www.springframework.org/schema/mvc" xmlns:context="http://www.springframework.org/schema/context"
	xmlns:xsi="http://www.w3.org/2001/XMLSchema-instance"
	xsi:schemaLocation="
        http://www.springframework.org/schema/beans     
        http://www.springframework.org/schema/beans/spring-beans.xsd
        http://www.springframework.org/schema/mvc 
        http://www.springframework.org/schema/mvc/spring-mvc.xsd
        http://www.springframework.org/schema/context 
        http://www.springframework.org/schema/context/spring-context.xsd">

  <!-- declare mvc to be annotation driven -->


<mvc:annotation-driven/>

<context:annotation-config/>

<!-- provide Your Base package to scan annotations for components -->


<context:component-scan base-package="com.niit"/>

<!-- WebFlow Configuration -->


<webflow:flow-executor id="flowExecutor"/>


<webflow:flow-registry id="flowRegistry" base-path="/WEB-INF/views" flow-builder-services="flowBuilderServices">

<!-- here the id is mapped to invoke this flow -->


<webflow:flow-location id="memberShip" path="/memberShipFlow.xml"/>

</webflow:flow-registry>

<webflow:flow-builder-services id="flowBuilderServices" view-factory-creator="viewFactoryCreator"/>


<bean id="viewFactoryCreator" class="org.springframework.webflow.mvc.builder.MvcViewFactoryCreator">


<property name="viewResolvers">







</bean>


<bean id="viewResolver" class="org.springframework.web.servlet.view.UrlBasedViewResolver">

<property name="viewClass" value="org.springframework.web.servlet.view.JstlView"/>

<property name="prefix" value="/"/>

<property name="suffix" value=".jsp"/>

</bean>


<bean class="org.springframework.webflow.mvc.servlet.FlowHandlerAdapter">

<property name="flowExecutor" ref="flowExecutor"/>

</bean>


<bean class="org.springframework.webflow.mvc.servlet.FlowHandlerMapping">

</beans>